streaming_log,FTW,Mok2011QoE,Liu2012QoE,Xue2014QoE,Yin2015QoE,Spiteri2016QoE,Bentaleb2016QoE,SQI,P1203,VideoATLAS,KSQI
001.csv,5.2,9019.87,12.112,0.483,340.279,2.315,70.808,72.463,0.262,64.136,70.821
002.csv,5.2,9019.87,9.127,0.468,231.211,2.178,69.632,71.173,0.279,63.99,69.857
003.csv,5.2,9019.87,5.947,0.464,207.629,1.799,66.185,67.472,0.346,60.753,66.324
004.csv,5.2,9019.87,10.412,0.467,441.685,2.164,71.81,72.679,0.203,65.415,72.097
005.csv,3.728,6565.719,-0.82,0.376,-260.629,1.028,52.406,45.576,0.857,59.786,51.686
006.csv,5.2,9019.87,16.994,0.5,751.061,2.68,79.336,80.397,-0.113,70.732,79.592
007.csv,5.2,9019.87,3.273,0.451,129.162,1.254,56.164,56.973,0.549,52.198,56.239
008.csv,5.2,9019.87,12.854,0.479,666.375,2.628,81.988,82.488,-0.325,73.348,82.102
009.csv,5.2,9019.87,9.513,0.467,471.219,2.282,77.363,77.844,-0.14,69.837,77.504
010.csv,5.2,9019.87,6.555,0.459,350.311,1.946,73.234,73.748,-0.12,66.349,73.379
011.csv,5.2,9019.87,12.219,0.475,532.558,2.527,79.709,80.254,-0.264,71.42,79.913
012.csv,3.728,6565.719,-0.114,0.372,-184.172,1.219,57.794,50.52,0.756,59.976,57.172
013.csv,5.2,9019.87,20.394,0.507,946.995,3.025,85.401,85.955,-0.372,75.012,85.606
014.csv,5.2,9019.87,3.577,0.44,189.764,1.336,59.621,60.127,0.339,54.777,59.941
015.csv,5.2,9019.87,9.589,0.479,504.243,2.361,78.804,79.275,-0.214,71.063,78.818
016.csv,5.2,9019.87,8.218,0.467,447.438,2.219,77.186,77.745,-0.277,69.751,77.272
017.csv,4.703,6565.719,4.407,0.437,233.112,1.711,69.214,69.355,0.126,58.412,70.151
018.csv,5.2,9019.87,8.632,0.474,465.021,2.214,77.405,77.642,-0.164,69.831,77.602
019.csv,3.236,6565.719,-3.305,0.325,-455.417,0.932,53.321,39.064,0.819,60.701,50.443
020.csv,5.2,9019.87,13.929,0.495,751.496,2.704,83.294,83.777,-0.326,74.27,83.362
021.csv,4.216,6565.719,0.928,0.406,-15.007,1.175,57.008,52.313,0.61,55.424,56.297
022.csv,5.2,9019.87,12.607,0.487,433.803,2.581,78.862,79.518,-0.107,70.495,78.829
023.csv,4.704,6565.719,8.791,0.457,344.599,2.274,75.746,76.032,0.14,62.862,76.503
024.csv,5.2,9019.87,6.31,0.459,270.998,1.925,70.687,71.502,0.007,64.403,70.884
025.csv,3.887,6565.719,3.594,0.27,-488.646,1.911,67.277,39.355,0.875,59.35,64.104
026.csv,3.611,6565.719,-1.994,0.336,-364.065,1.103,56.554,43.449,0.767,59.943,54.203
027.csv,5.2,9019.87,19.616,0.507,894.145,2.997,85.503,86.016,-0.383,75.061,85.748
028.csv,4.714,6565.719,3.101,0.431,147.205,1.316,59.167,59.567,0.451,51.322,59.67
029.csv,5.2,9019.87,10.762,0.442,362.948,2.165,72.193,73.57,0.075,65.846,72.182
030.csv,5.2,9019.87,8.386,0.439,325.037,2.115,71.303,72.782,0.116,65.054,71.482
031.csv,5.2,9019.87,5.702,0.435,191.682,1.748,63.674,65.0,0.386,58.679,63.873
032.csv,5.2,9019.87,10.511,0.434,147.284,2.131,68.062,69.62,0.186,62.596,67.967
033.csv,3.547,6565.719,-3.765,0.277,-615.101,1.035,52.441,39.581,0.831,59.774,51.911
034.csv,5.2,9019.87,14.537,0.455,370.38,2.489,74.78,76.543,0.033,68.118,74.8
035.csv,3.84,6565.719,1.062,0.359,-35.239,1.15,56.129,52.746,0.762,59.94,56.094
036.csv,5.2,9019.87,12.534,0.45,564.568,2.575,79.31,80.673,-0.284,71.553,79.342
037.csv,5.2,9019.87,9.08,0.421,469.879,2.216,76.101,77.296,-0.317,68.892,76.331
038.csv,5.2,9019.87,6.587,0.408,324.563,1.901,70.545,71.518,0.085,64.181,70.782
039.csv,5.2,9019.87,12.314,0.419,484.12,2.406,77.939,79.024,-0.206,70.373,78.206
040.csv,3.547,6565.719,-2.991,0.282,-516.423,1.132,56.866,43.221,0.805,59.954,56.453
041.csv,5.2,9019.87,19.881,0.479,873.51,2.952,83.892,85.467,-0.354,74.8,84.03
042.csv,3.84,6565.719,1.474,0.363,10.607,1.293,60.103,56.578,0.632,60.063,59.959
043.csv,4.711,6565.719,9.931,0.424,474.417,2.432,78.85,79.279,-0.25,64.616,79.388
044.csv,5.2,9019.87,7.11,0.413,380.607,2.083,74.351,75.19,-0.151,67.555,74.424
045.csv,4.706,6565.719,4.89,0.402,260.016,1.799,69.475,70.032,0.141,58.682,70.442
046.csv,4.252,6565.719,6.987,0.4,325.564,2.136,75.628,68.232,0.225,59.822,73.118
047.csv,3.498,6565.719,-4.851,0.269,-627.704,0.982,55.841,35.461,0.712,59.931,53.132
048.csv,5.2,9019.87,14.429,0.462,804.265,2.746,83.207,84.088,-0.531,74.311,83.371
049.csv,3.011,5363.179,-2.231,0.309,-311.839,1.094,57.831,43.154,0.777,60.738,54.536
050.csv,4.716,6565.719,11.183,0.429,346.906,2.393,76.643,78.08,0.043,63.337,77.12
051.csv,4.713,6565.719,8.698,0.441,416.409,2.237,76.597,77.616,0.115,63.189,77.054
052.csv,5.2,9019.87,5.628,0.42,256.092,1.798,68.346,69.392,0.219,62.347,68.476
053.csv,5.2,9019.87,10.05,0.416,514.67,2.289,77.082,78.218,-0.33,69.713,77.222
054.csv,3.547,6565.719,-3.44,0.284,-549.404,1.097,55.889,42.344,0.745,59.911,55.411
055.csv,5.2,9019.87,18.824,0.471,758.704,2.851,82.67,84.117,-0.451,73.697,82.724
056.csv,3.84,6565.719,1.465,0.359,20.603,1.281,59.685,56.135,0.585,60.049,59.598
057.csv,5.2,9019.87,11.728,0.455,538.124,2.383,76.489,76.576,0.066,69.323,76.56
058.csv,5.2,9019.87,9.058,0.433,344.757,2.175,72.345,72.636,0.201,66.073,72.351
059.csv,4.719,6565.719,5.976,0.412,212.164,1.884,69.446,69.685,0.298,58.538,69.601
060.csv,5.2,9019.87,11.328,0.45,433.578,2.323,74.852,74.696,0.192,68.042,74.898
061.csv,3.615,6565.719,-2.312,0.303,-485.918,1.095,56.905,40.472,0.844,59.937,53.335
062.csv,5.2,9019.87,18.074,0.495,953.339,2.781,82.207,81.465,-0.139,73.477,82.29
063.csv,5.2,9019.87,3.48,0.412,183.36,1.337,63.092,62.741,0.436,57.583,63.214
064.csv,5.2,9019.87,14.048,0.451,647.968,2.71,83.418,83.269,-0.493,74.418,83.437
065.csv,5.2,9019.87,9.887,0.432,492.13,2.398,79.148,79.25,-0.239,71.309,79.354
066.csv,4.719,6565.719,7.124,0.43,368.583,2.071,75.793,75.405,0.046,62.514,76.047
067.csv,5.2,9019.87,13.067,0.454,642.314,2.635,82.717,82.475,-0.421,73.915,82.867
068.csv,3.615,6565.719,-1.319,0.314,-315.222,1.315,64.158,46.275,0.668,60.209,60.63
069.csv,5.2,9019.87,22.427,0.493,994.907,3.075,86.013,85.908,-0.495,76.126,86.013
070.csv,5.2,9019.87,3.901,0.401,217.236,1.448,65.245,65.098,0.218,59.527,65.389
071.csv,3.862,6565.719,9.779,0.413,472.977,2.434,81.02,73.473,0.187,60.624,78.758
072.csv,5.2,9019.87,8.469,0.434,472.675,2.249,78.842,78.946,-0.296,70.979,78.93
073.csv,4.707,6565.719,5.223,0.418,301.204,1.841,73.675,73.231,0.088,61.331,74.384
074.csv,5.2,9019.87,8.807,0.435,491.143,2.265,79.405,79.703,-0.339,71.442,79.526
075.csv,3.56,6565.719,-3.881,0.284,-502.304,0.974,58.046,41.332,0.701,59.991,55.802
076.csv,5.2,9019.87,15.775,0.474,846.741,2.849,85.436,85.371,-0.53,75.745,85.464
077.csv,4.215,6565.719,0.698,0.362,-24.38,1.15,59.915,55.345,0.601,56.084,59.633
078.csv,5.2,9019.87,13.518,0.451,474.57,2.705,81.948,82.0,-0.262,73.529,82.073
079.csv,4.716,6565.719,9.58,0.438,456.859,2.337,77.831,77.657,0.047,63.887,78.193
080.csv,4.719,6565.719,6.931,0.433,329.615,2.019,74.628,74.205,0.212,61.79,74.894
081.csv,3.978,6565.719,4.939,0.285,-234.086,1.932,70.183,45.274,0.822,59.408,66.727
082.csv,3.615,6565.719,-1.525,0.31,-361.927,1.262,62.153,44.438,0.766,60.134,58.674
083.csv,5.2,9019.87,21.824,0.513,1186.561,3.105,87.235,86.985,-0.513,76.857,87.259
084.csv,4.715,6565.719,3.651,0.405,189.359,1.43,64.669,64.277,0.474,55.154,65.035
085.csv,5.2,9019.87,11.357,0.527,274.469,2.282,77.537,78.393,0.163,70.424,77.541
086.csv,4.678,6565.719,6.842,0.467,41.711,1.775,71.686,64.664,0.423,60.803,69.301
087.csv,4.479,6565.719,-1.556,0.314,-899.842,1.056,58.953,40.603,0.768,56.532,60.641
088.csv,4.56,6565.719,4.842,0.383,-283.47,1.775,69.857,52.792,0.564,62.134,69.029
089.csv,2.91,6565.719,-6.489,0.267,-1232.122,0.458,52.09,31.541,1.02,60.71,51.482
090.csv,5.2,9019.87,15.098,0.535,405.78,2.534,80.553,81.214,0.005,72.291,80.586
091.csv,4.504,6565.719,-4.325,0.328,-801.575,0.687,55.689,39.811,0.789,53.165,56.652
092.csv,5.2,9019.87,12.849,0.527,580.592,2.583,86.241,86.509,-0.422,76.222,86.17
093.csv,5.2,9019.87,9.354,0.493,506.536,2.272,83.801,84.026,-0.368,74.597,83.849
094.csv,5.2,9019.87,6.433,0.493,274.041,1.917,79.513,79.819,-0.06,71.534,79.647
095.csv,5.2,9019.87,12.448,0.51,541.465,2.506,85.261,85.451,-0.394,75.486,85.46
096.csv,3.687,6565.719,-0.557,0.39,-274.723,1.149,66.355,55.402,0.615,60.318,64.512
097.csv,5.2,9019.87,20.167,0.556,809.699,3.019,88.881,89.049,-0.487,77.617,89.054
098.csv,5.2,9019.87,3.553,0.468,162.895,1.359,70.621,71.164,0.225,64.378,70.785
099.csv,3.851,6565.719,9.499,0.481,398.728,2.373,83.115,75.94,0.256,60.665,80.637
100.csv,5.2,9019.87,7.725,0.506,422.759,2.121,82.441,82.695,-0.282,73.663,82.415
101.csv,5.2,9019.87,4.636,0.485,265.581,1.601,76.341,76.619,-0.094,68.987,76.33
102.csv,5.2,9019.87,8.445,0.497,468.942,2.164,81.255,81.698,-0.165,72.947,81.23
103.csv,3.63,6565.719,-2.852,0.351,-430.607,0.805,60.896,49.653,0.659,60.152,59.964
104.csv,5.2,9019.87,14.907,0.535,744.566,2.777,87.84,88.058,-0.493,77.156,87.717
105.csv,5.2,9019.87,2.717,0.464,158.862,1.117,67.99,68.479,0.166,62.03,68.095
106.csv,5.2,9019.87,12.484,0.518,370.435,2.555,83.822,84.333,-0.298,74.538,83.732
107.csv,5.2,9019.87,9.012,0.493,328.807,2.237,80.981,81.579,-0.208,72.855,80.867
108.csv,5.2,9019.87,6.314,0.493,278.567,1.869,78.386,78.765,0.039,70.71,78.481
109.csv,4.711,6565.719,11.62,0.51,401.462,2.437,82.01,82.291,0.042,66.314,82.538
110.csv,3.687,6565.719,-0.639,0.382,-258.703,1.072,64.5,53.659,0.656,60.253,62.731
111.csv,5.2,9019.87,18.768,0.543,626.68,2.889,88.138,88.337,-0.467,76.657,88.168
112.csv,5.2,9019.87,3.402,0.472,178.195,1.316,70.936,71.347,0.207,64.531,71.012
113.csv,5.2,9019.87,9.059,0.368,430.155,2.199,59.263,60.056,0.266,54.686,59.751
114.csv,5.2,9019.87,8.906,0.368,501.266,2.185,60.104,60.621,0.136,55.13,60.542
115.csv,5.2,9019.87,5.536,0.357,298.331,1.764,51.079,51.749,0.444,48.451,51.554
116.csv,5.2,9019.87,8.596,0.364,436.572,2.073,56.06,56.781,0.287,52.185,56.607
117.csv,3.562,6565.719,-3.511,0.236,-496.467,0.969,34.668,29.265,0.909,59.166,36.403
118.csv,5.2,9019.87,12.376,0.384,631.498,2.462,65.121,65.668,0.101,59.447,65.617
119.csv,4.245,6565.719,1.596,0.31,41.865,1.161,36.213,35.179,0.747,51.895,36.474
120.csv,5.2,9019.87,12.921,0.4,682.468,2.636,68.293,68.975,0.006,61.949,68.784
121.csv,5.2,9019.87,9.579,0.376,464.532,2.274,61.181,61.841,0.109,56.488,61.686
122.csv,5.2,9019.87,6.635,0.38,357.326,1.937,55.337,55.82,0.404,51.362,55.724
123.csv,5.2,9019.87,12.317,0.412,674.189,2.535,65.772,66.551,0.155,61.416,66.326
124.csv,3.562,6565.719,-2.49,0.261,-465.438,1.179,39.976,33.783,0.908,59.311,41.773
125.csv,5.2,9019.87,18.973,0.44,1044.214,2.977,76.026,76.61,-0.227,70.051,76.513
126.csv,4.245,6565.719,2.127,0.318,77.912,1.321,40.841,39.775,0.72,52.338,41.083
127.csv,3.491,6565.719,10.088,0.37,484.411,2.458,65.937,61.69,0.562,60.719,65.957
128.csv,5.2,9019.87,8.52,0.376,498.376,2.217,61.239,61.779,0.107,56.129,61.622
129.csv,4.705,6565.719,5.284,0.362,299.156,1.843,54.076,54.472,0.464,47.947,55.283
130.csv,3.869,6565.719,8.991,0.369,453.429,2.309,62.649,62.888,0.605,60.162,64.665
131.csv,3.5,6565.719,-4.249,0.236,-610.896,1.011,37.421,30.653,0.904,59.214,39.124
132.csv,5.2,9019.87,18.25,0.432,1017.962,2.973,75.963,76.591,-0.301,67.648,76.488
133.csv,3.161,5363.179,0.275,0.288,-83.786,1.186,37.793,36.413,0.903,60.738,39.518
134.csv,5.2,9019.87,12.53,0.412,645.171,2.581,66.37,67.291,0.063,59.553,66.96
135.csv,5.2,9019.87,9.015,0.372,434.691,2.226,60.302,61.09,0.228,55.56,60.666
136.csv,5.2,9019.87,6.336,0.368,335.039,1.907,54.142,54.751,0.389,50.58,54.61
137.csv,4.711,6565.719,10.553,0.394,480.567,2.354,61.374,62.158,0.396,53.556,62.437
138.csv,3.562,6565.719,-2.883,0.241,-523.282,1.097,36.499,31.017,0.926,59.219,38.429
139.csv,5.2,9019.87,19.753,0.435,1048.585,3.009,76.187,76.71,-0.184,69.457,76.56
140.csv,4.245,6565.719,2.092,0.314,79.996,1.297,40.246,39.163,0.723,52.265,40.536
141.csv,5.2,9019.87,11.326,0.427,611.058,2.408,58.405,59.898,0.361,54.045,58.812
142.csv,5.2,9019.87,8.9,0.411,476.357,2.221,53.78,55.169,0.451,50.331,54.098
143.csv,4.706,6565.719,5.443,0.35,246.326,1.867,42.395,43.348,0.605,41.952,43.411
144.csv,5.2,9019.87,9.146,0.403,473.939,2.197,51.759,53.018,0.437,48.955,52.211
145.csv,3.463,6565.719,-4.725,0.211,-705.984,1.013,24.748,19.109,0.885,58.94,26.184
146.csv,5.2,9019.87,13.383,0.46,771.265,2.546,64.021,65.43,0.335,58.499,64.206
147.csv,2.837,5363.179,-0.495,0.256,-164.933,1.268,29.264,28.763,0.971,60.738,32.398
148.csv,5.2,9019.87,13.096,0.462,677.367,2.67,65.766,66.898,0.267,60.161,66.074
149.csv,5.2,9019.87,9.643,0.427,511.13,2.385,57.427,58.449,0.379,53.093,57.672
150.csv,4.706,6565.719,6.172,0.374,338.282,1.991,47.067,48.002,0.547,44.046,48.124
151.csv,5.2,9019.87,12.769,0.446,687.117,2.602,63.816,64.851,0.313,58.456,64.094
152.csv,3.463,6565.719,-3.839,0.223,-624.91,1.171,29.805,23.092,0.918,59.001,31.154
153.csv,5.2,9019.87,20.631,0.466,1075.182,3.094,75.221,76.457,-0.025,67.528,75.215
154.csv,2.837,5363.179,-0.495,0.256,-164.933,1.268,29.264,28.763,0.971,60.738,32.398
155.csv,3.425,6565.719,9.338,0.387,418.375,2.449,61.69,52.774,0.7,60.713,59.411
156.csv,5.2,9019.87,9.068,0.433,522.393,2.325,56.234,57.44,0.461,52.3,56.492
157.csv,4.706,6565.719,5.077,0.354,300.902,1.809,42.776,43.751,0.603,42.103,43.715
158.csv,4.212,6565.719,7.975,0.366,358.408,2.284,54.255,48.366,0.574,54.797,52.98
159.csv,3.463,6565.719,-5.097,0.201,-677.374,0.947,24.114,18.574,0.879,58.936,25.557
160.csv,5.2,9019.87,18.266,0.469,1023.703,3.008,74.248,75.45,-0.01,67.168,74.432
161.csv,2.837,5363.179,-0.495,0.256,-164.933,1.268,29.264,28.763,0.971,60.738,32.398
162.csv,5.2,9019.87,12.906,0.43,614.066,2.612,61.975,63.379,0.305,56.789,62.302
163.csv,5.2,9019.87,9.591,0.431,517.746,2.357,56.836,58.106,0.417,52.661,57.149
164.csv,4.706,6565.719,6.003,0.37,291.385,1.956,45.763,46.694,0.587,43.359,46.759
165.csv,3.967,6565.719,5.141,0.254,-125.557,1.997,49.651,28.072,1.049,53.57,46.41
166.csv,3.463,6565.719,-4.111,0.223,-627.23,1.119,28.644,22.223,0.918,58.983,30.067
167.csv,5.2,9019.87,19.957,0.462,1055.765,3.055,73.699,74.956,0.011,65.211,73.778
168.csv,2.837,5363.179,-0.495,0.256,-164.933,1.268,29.264,28.763,0.971,60.738,32.398
169.csv,5.2,9019.87,9.756,0.354,379.591,2.221,59.051,60.295,0.467,54.648,59.556
170.csv,5.2,9019.87,8.563,0.359,389.355,2.105,58.161,59.288,0.332,53.721,58.388
171.csv,5.2,9019.87,5.977,0.338,269.893,1.858,51.303,52.35,0.457,48.765,51.84
172.csv,5.2,9019.87,9.521,0.354,425.747,2.16,59.045,59.849,0.415,54.499,59.48
173.csv,3.624,6565.719,-2.052,0.229,-423.763,1.123,34.55,28.962,0.87,59.228,35.58
174.csv,5.2,9019.87,12.843,0.37,724.562,2.454,68.205,69.199,0.166,62.201,68.497
175.csv,5.2,9019.87,3.423,0.29,182.066,1.325,37.85,38.141,0.649,41.57,38.329
176.csv,5.2,9019.87,13.095,0.397,728.222,2.621,74.077,74.879,-0.037,67.343,74.472
177.csv,5.2,9019.87,9.584,0.389,517.96,2.31,66.866,67.66,0.209,61.256,67.2
178.csv,5.2,9019.87,6.719,0.362,338.008,1.966,55.913,57.001,0.42,52.092,56.337
179.csv,5.2,9019.87,12.412,0.401,634.772,2.566,72.658,73.419,0.168,66.135,72.79
180.csv,3.624,6565.719,-1.239,0.25,-335.773,1.258,40.836,34.281,0.826,59.372,41.614
181.csv,5.2,9019.87,20.547,0.421,1119.772,3.071,83.132,83.929,-0.249,72.57,83.133
182.csv,5.2,9019.87,3.696,0.31,201.956,1.419,40.543,41.166,0.598,42.624,41.041
183.csv,3.476,6565.719,9.285,0.35,415.581,2.405,68.765,57.14,0.555,60.722,63.996
184.csv,5.2,9019.87,8.819,0.377,513.232,2.269,65.017,65.983,0.169,59.716,65.29
185.csv,4.705,6565.719,4.973,0.337,271.588,1.807,52.922,53.798,0.397,47.493,54.091
186.csv,4.256,6565.719,9.322,0.371,468.514,2.352,67.46,62.886,0.5,58.156,65.714
187.csv,3.562,6565.719,-3.112,0.232,-488.228,1.069,36.568,28.56,0.814,59.228,36.387
188.csv,5.2,9019.87,18.326,0.417,1079.349,2.985,81.618,82.402,-0.235,72.112,81.612
189.csv,3.476,6565.719,0.961,0.268,-24.096,1.254,38.607,35.634,0.832,60.688,38.936
190.csv,5.2,9019.87,12.622,0.385,534.857,2.579,70.532,71.602,-0.013,64.244,70.797
191.csv,5.2,9019.87,9.454,0.358,403.256,2.312,63.02,64.016,0.29,58.075,63.308
192.csv,5.2,9019.87,6.539,0.354,347.27,1.928,55.366,56.166,0.495,51.563,55.713
193.csv,3.854,6565.719,3.282,0.225,-415.744,1.763,57.101,30.232,1.109,56.903,54.849
194.csv,3.609,6565.719,-1.716,0.249,-387.588,1.219,39.447,30.064,0.857,59.34,37.681
195.csv,5.2,9019.87,20.027,0.417,1057.255,3.055,82.332,83.039,-0.232,71.775,82.497
196.csv,4.256,6565.719,2.473,0.286,71.317,1.375,39.181,39.832,0.758,52.309,41.039
197.csv,5.2,9019.87,11.257,0.352,415.733,2.391,45.762,45.588,0.181,45.385,46.732
198.csv,5.2,9019.87,8.925,0.353,317.025,2.205,42.562,42.167,0.324,43.646,43.197
199.csv,5.2,9019.87,5.853,0.319,199.74,1.836,35.263,35.255,0.39,40.898,36.15
200.csv,5.2,9019.87,9.419,0.354,303.886,2.217,41.785,41.744,0.416,43.367,42.681
201.csv,3.652,6565.719,-2.357,0.243,-361.917,1.033,21.408,19.297,0.852,59.184,22.05
202.csv,5.2,9019.87,16.373,0.363,804.142,2.715,54.295,53.211,-0.088,50.739,54.766
203.csv,5.2,9019.87,2.968,0.297,155.035,1.222,23.809,23.698,0.59,39.368,24.138
204.csv,5.2,9019.87,13.201,0.355,708.501,2.666,52.203,51.379,-0.209,49.141,52.705
205.csv,5.2,9019.87,9.713,0.354,539.331,2.345,46.552,45.892,0.049,45.496,47.022
206.csv,5.2,9019.87,6.765,0.349,357.807,2.01,40.179,39.622,0.228,42.476,40.878
207.csv,5.2,9019.87,12.796,0.365,693.226,2.596,50.858,50.05,-0.067,48.135,51.307
208.csv,3.652,6565.719,-1.409,0.253,-294.614,1.239,26.716,23.667,0.832,59.159,27.416
209.csv,5.2,9019.87,20.905,0.394,1023.35,3.1,60.283,59.315,-0.316,55.542,60.704
210.csv,5.2,9019.87,3.672,0.318,197.806,1.418,28.503,28.285,0.573,39.556,29.147
211.csv,3.841,6565.719,9.736,0.329,462.484,2.444,47.872,44.636,0.374,59.701,48.301
212.csv,5.2,9019.87,8.605,0.353,494.687,2.253,45.269,44.458,0.068,44.774,45.699
213.csv,5.2,9019.87,4.978,0.333,298.406,1.653,34.945,34.015,0.442,40.662,35.427
214.csv,4.68,6565.719,7.573,0.319,352.624,2.194,41.555,37.648,0.314,40.922,41.034
215.csv,3.652,6565.719,-2.785,0.232,-356.845,0.928,19.572,17.677,0.845,59.206,20.118
216.csv,5.2,9019.87,17.475,0.387,968.879,2.937,58.284,57.462,-0.347,53.737,58.742
217.csv,5.2,9019.87,2.885,0.296,165.423,1.193,23.709,23.499,0.581,39.37,24.061
218.csv,5.2,9019.87,12.909,0.368,596.453,2.609,50.438,49.913,-0.005,48.066,50.931
219.csv,5.2,9019.87,9.412,0.342,429.377,2.301,43.949,43.749,0.087,44.312,44.691
220.csv,5.2,9019.87,6.789,0.341,390.562,1.955,40.456,39.479,0.326,42.517,40.973
221.csv,4.708,6565.719,11.789,0.35,561.797,2.415,45.142,45.377,0.318,43.318,46.393
222.csv,3.652,6565.719,-1.189,0.237,-308.778,1.232,25.173,22.385,0.861,59.16,25.935
223.csv,5.2,9019.87,20.625,0.383,897.369,3.104,59.325,58.462,-0.29,54.611,59.705
224.csv,5.2,9019.87,3.499,0.304,201.926,1.352,27.515,27.197,0.557,39.462,28.023
225.csv,5.2,9019.87,10.89,0.482,344.448,2.29,84.979,85.692,-0.417,75.341,84.822
226.csv,5.2,9019.87,8.41,0.455,252.941,2.043,83.095,83.586,-0.377,73.998,83.005
227.csv,5.2,9019.87,5.829,0.429,199.638,1.801,80.898,81.43,-0.351,72.707,80.595
228.csv,5.2,9019.87,9.804,0.467,301.361,2.158,83.575,84.229,-0.388,74.421,83.397
229.csv,3.575,6565.719,-3.741,0.279,-522.361,0.993,70.846,45.909,0.421,60.452,64.972
230.csv,5.2,9019.87,14.693,0.509,420.663,2.51,86.652,87.2,-0.44,75.911,86.446
231.csv,5.2,9019.87,2.985,0.38,180.443,1.212,76.187,76.17,-0.278,68.743,76.235
232.csv,5.2,9019.87,12.571,0.517,579.944,2.523,89.45,90.034,-0.531,77.839,89.613
233.csv,5.2,9019.87,9.277,0.487,397.7,2.283,87.277,87.923,-0.486,76.886,87.36
234.csv,5.2,9019.87,6.477,0.455,336.025,1.932,84.777,85.276,-0.428,75.326,84.779
235.csv,5.2,9019.87,12.264,0.505,606.536,2.451,88.805,89.402,-0.515,77.617,89.001
236.csv,3.575,6565.719,-2.76,0.292,-420.286,1.169,73.68,48.309,0.366,60.527,67.982
237.csv,5.2,9019.87,19.941,0.551,723.281,2.912,90.239,90.921,-0.538,77.183,90.389
238.csv,5.2,9019.87,3.449,0.38,204.89,1.329,77.23,77.259,-0.317,69.612,77.3
239.csv,4.231,6565.719,9.272,0.475,441.485,2.4,88.269,79.457,-0.08,61.616,86.232
240.csv,5.2,9019.87,7.62,0.469,417.43,2.144,86.671,87.093,-0.5,76.523,86.55
241.csv,4.287,6565.719,4.367,0.406,239.573,1.64,81.177,80.934,-0.023,60.687,81.653
242.csv,5.2,9019.87,8.117,0.45,401.627,2.135,84.832,85.214,-0.49,75.347,84.754
243.csv,3.191,6565.719,-4.545,0.255,-552.993,0.927,69.682,39.597,0.525,60.725,60.793
244.csv,5.2,9019.87,14.53,0.541,819.377,2.753,90.853,91.328,-0.578,78.788,90.927
245.csv,3.859,6565.719,1.265,0.349,34.16,1.169,74.807,67.74,0.289,60.49,72.891
246.csv,4.71,6565.719,12.054,0.49,520.566,2.415,88.118,88.24,-0.274,68.443,88.646
247.csv,4.713,6565.719,8.656,0.475,358.304,2.209,86.284,86.602,-0.263,68.159,86.546
248.csv,5.2,9019.87,6.327,0.455,320.731,1.878,83.818,84.169,-0.398,74.65,83.771
249.csv,5.2,9019.87,11.433,0.494,513.021,2.41,87.913,88.604,-0.507,77.165,87.95
250.csv,3.575,6565.719,-2.985,0.282,-469.846,1.153,72.414,47.35,0.369,60.498,66.639
251.csv,5.2,9019.87,18.859,0.536,388.401,2.936,89.185,89.995,-0.506,76.266,89.145
252.csv,5.2,9019.87,3.287,0.38,183.893,1.308,76.82,76.881,-0.298,69.317,76.844
253.csv,5.2,9019.87,10.848,0.433,488.55,2.325,68.057,69.903,0.149,62.212,68.19
254.csv,5.2,9019.87,8.509,0.429,324.523,2.14,65.687,67.458,0.225,60.154,65.708
255.csv,5.2,9019.87,5.82,0.408,123.507,1.784,56.928,58.912,0.43,53.222,57.056
256.csv,5.2,9019.87,10.373,0.429,533.43,2.175,65.316,66.988,0.242,59.76,65.669
257.csv,3.581,6565.719,-2.042,0.297,-518.627,1.09,46.244,38.563,0.869,59.549,46.272
258.csv,5.2,9019.87,17.399,0.465,774.761,2.725,73.234,75.126,-0.008,66.57,73.511
259.csv,5.2,9019.87,3.409,0.396,194.791,1.304,53.552,54.54,0.442,50.013,53.856
260.csv,5.2,9019.87,12.937,0.464,652.622,2.614,76.504,77.551,-0.287,69.157,76.81
261.csv,5.2,9019.87,9.482,0.448,505.885,2.336,72.668,73.845,-0.147,65.996,72.825
262.csv,5.2,9019.87,6.618,0.427,332.379,1.984,66.027,67.412,0.064,60.294,66.218
263.csv,5.2,9019.87,12.342,0.448,668.859,2.555,75.119,76.119,-0.293,68.018,75.46
264.csv,3.581,6565.719,-2.373,0.291,-434.0,1.195,52.499,43.665,0.691,59.784,52.449
265.csv,5.2,9019.87,20.235,0.468,897.173,2.995,78.938,80.138,-0.361,71.156,79.244
266.csv,5.2,9019.87,3.66,0.404,208.658,1.393,55.625,56.719,0.373,51.573,55.935
267.csv,4.228,6565.719,9.628,0.408,451.636,2.44,73.963,67.299,0.141,59.522,72.05
268.csv,5.2,9019.87,8.877,0.436,521.815,2.282,72.447,73.504,-0.24,65.739,72.63
269.csv,4.703,6565.719,4.667,0.398,256.4,1.772,63.372,64.191,0.257,54.269,64.437
270.csv,4.193,6565.719,7.041,0.389,254.328,2.21,69.958,60.398,0.285,58.761,67.666
271.csv,3.528,6565.719,-4.225,0.263,-576.867,0.926,47.629,37.49,0.762,59.593,47.516
272.csv,5.2,9019.87,16.269,0.46,974.921,2.868,79.897,80.827,-0.401,71.794,80.232
273.csv,4.255,6565.719,1.885,0.39,81.07,1.202,52.397,53.114,0.662,54.409,54.054
274.csv,5.2,9019.87,12.526,0.456,562.32,2.575,74.726,75.972,-0.209,67.899,74.824
275.csv,5.2,9019.87,9.324,0.436,423.966,2.343,70.964,72.4,-0.071,64.718,71.131
276.csv,5.2,9019.87,6.342,0.417,334.329,1.906,64.823,66.331,0.069,59.21,64.978
277.csv,4.717,6565.719,12.21,0.43,553.414,2.49,71.442,72.556,0.089,59.946,71.884
278.csv,3.581,6565.719,-2.329,0.299,-444.54,1.164,51.179,42.542,0.811,59.731,51.209
279.csv,5.2,9019.87,19.874,0.472,1022.963,3.014,79.644,80.836,-0.384,71.667,80.078
280.csv,4.699,6565.719,2.682,0.389,125.236,1.338,54.586,52.87,0.503,48.245,53.782
281.csv,5.2,9019.87,9.976,0.454,480.208,2.266,56.601,56.798,0.446,52.567,56.883
282.csv,5.2,9019.87,8.949,0.472,431.226,2.184,55.109,55.277,0.462,51.512,55.595
283.csv,4.716,6565.719,5.823,0.449,288.512,1.856,47.952,48.052,0.611,44.784,48.728
284.csv,5.2,9019.87,7.572,0.464,377.684,1.999,50.386,52.126,0.566,48.152,50.932
285.csv,3.519,6565.719,-4.069,0.295,-588.195,1.028,31.41,24.829,0.929,59.069,32.622
286.csv,5.2,9019.87,12.134,0.48,618.995,2.469,62.331,62.592,0.343,57.269,62.717
287.csv,4.246,6565.719,1.657,0.384,55.038,1.221,32.962,31.184,0.871,51.735,32.792
288.csv,5.2,9019.87,12.942,0.49,688.837,2.63,67.987,67.825,0.263,61.913,68.343
289.csv,5.2,9019.87,9.758,0.493,515.372,2.372,62.39,62.394,0.328,57.226,62.845
290.csv,4.716,6565.719,6.451,0.46,363.185,1.968,52.266,52.548,0.509,46.958,52.854
291.csv,5.2,9019.87,12.386,0.48,667.284,2.575,66.29,66.916,0.283,60.512,66.606
292.csv,3.519,6565.719,-3.286,0.307,-527.468,1.165,35.782,28.422,0.915,59.164,36.846
293.csv,5.2,9019.87,20.674,0.49,1176.343,3.067,76.357,76.386,-0.204,68.182,76.691
294.csv,4.246,6565.719,2.145,0.4,84.429,1.351,36.663,34.656,0.82,51.929,36.532
295.csv,4.236,6565.719,10.093,0.452,501.207,2.472,65.478,58.461,0.554,57.589,63.283
296.csv,5.2,9019.87,9.257,0.481,546.616,2.307,61.444,61.217,0.365,56.323,61.776
297.csv,4.716,6565.719,5.424,0.442,310.37,1.801,47.848,47.704,0.555,44.647,48.536
298.csv,4.688,6565.719,8.185,0.438,419.28,2.249,59.38,54.945,0.407,51.598,57.784
299.csv,3.519,6565.719,-4.557,0.29,-596.763,0.925,29.796,23.326,0.919,59.038,30.868
300.csv,5.2,9019.87,18.627,0.497,1101.391,2.993,76.209,76.273,-0.136,68.764,76.5
301.csv,4.22,6565.719,1.062,0.374,5.183,1.208,33.263,31.125,0.875,51.37,33.575
302.csv,4.248,6565.719,11.655,0.441,451.621,2.534,63.325,57.288,0.723,57.142,61.246
303.csv,5.2,9019.87,9.555,0.475,526.141,2.303,60.149,59.965,0.374,55.423,60.719
304.csv,4.716,6565.719,6.204,0.463,341.098,1.925,50.951,51.217,0.538,46.259,51.515
305.csv,4.719,6565.719,11.721,0.469,587.583,2.418,60.836,61.927,0.526,52.762,61.331
306.csv,3.519,6565.719,-3.488,0.306,-542.578,1.125,34.412,27.44,0.889,59.13,35.576
307.csv,5.2,9019.87,19.928,0.498,1043.057,3.046,75.881,75.952,-0.084,67.72,76.179
308.csv,4.246,6565.719,2.046,0.4,64.962,1.328,35.454,33.841,0.867,51.852,35.414
309.csv,5.2,9019.87,11.264,0.312,480.769,2.339,43.333,44.431,0.31,44.096,44.047
310.csv,5.2,9019.87,8.954,0.325,460.362,2.16,41.108,41.663,0.408,42.839,41.514
311.csv,5.2,9019.87,5.874,0.287,339.139,1.782,31.526,32.03,0.404,39.931,31.877
312.csv,5.2,9019.87,9.192,0.317,431.824,2.135,39.974,40.926,0.344,42.516,40.643
313.csv,3.588,6565.719,-3.108,0.186,-487.173,0.984,14.553,17.132,0.924,59.174,18.878
314.csv,5.2,9019.87,17.15,0.329,981.653,2.65,53.694,54.423,0.133,50.245,54.177
315.csv,5.2,9019.87,3.034,0.258,182.185,1.229,20.064,20.25,0.571,39.595,20.253
316.csv,5.2,9019.87,12.774,0.321,672.287,2.618,51.937,52.434,0.044,48.94,52.381
317.csv,5.2,9019.87,9.53,0.304,506.275,2.329,44.813,45.369,0.09,44.622,45.363
318.csv,5.2,9019.87,6.528,0.295,324.771,1.974,34.887,35.537,0.301,40.735,35.558
319.csv,5.2,9019.87,12.183,0.308,668.809,2.541,49.725,50.484,0.079,47.599,50.35
320.csv,3.588,6565.719,-2.545,0.196,-414.918,1.097,18.218,20.084,0.898,59.122,22.206
321.csv,5.2,9019.87,20.144,0.346,1056.518,3.038,63.416,63.939,-0.195,57.993,63.797
322.csv,5.2,9019.87,3.424,0.262,190.54,1.327,21.881,22.118,0.587,39.449,22.136
323.csv,4.233,6565.719,9.826,0.287,495.211,2.424,48.495,43.846,0.378,53.529,47.399
324.csv,5.2,9019.87,9.127,0.312,535.594,2.303,45.202,45.626,0.079,44.799,45.605
325.csv,5.2,9019.87,5.503,0.283,326.43,1.769,31.553,32.003,0.441,39.944,31.964
326.csv,4.684,6565.719,7.837,0.277,367.456,2.207,42.512,39.664,0.342,41.562,42.176
327.csv,3.588,6565.719,-4.089,0.18,-493.445,0.764,11.369,14.095,0.886,59.248,15.241
328.csv,5.2,9019.87,18.836,0.337,1123.821,2.992,62.645,63.193,-0.237,57.422,63.047
329.csv,5.2,9019.87,3.034,0.258,182.185,1.229,20.064,20.25,0.571,39.595,20.253
330.csv,5.2,9019.87,12.671,0.308,443.52,2.563,47.296,48.355,0.246,45.837,48.06
331.csv,5.2,9019.87,9.581,0.316,501.923,2.326,44.856,45.495,0.185,44.717,45.403
332.csv,5.2,9019.87,6.31,0.296,335.794,1.889,34.212,34.896,0.339,40.54,34.818
333.csv,5.2,9019.87,10.835,0.312,546.272,2.364,45.35,46.133,0.229,45.071,46.149
334.csv,3.588,6565.719,-2.89,0.183,-469.547,1.051,15.886,18.326,0.945,59.151,20.169
335.csv,5.2,9019.87,19.49,0.346,955.673,3.021,62.409,62.992,-0.158,57.264,62.731
336.csv,5.2,9019.87,3.286,0.266,184.228,1.307,21.246,21.606,0.565,39.482,21.604
337.csv,5.2,9019.87,11.723,0.377,563.902,2.454,56.829,56.414,-0.184,52.602,57.017
338.csv,4.686,6565.719,8.024,0.35,198.124,2.14,49.859,48.005,0.277,45.321,50.454
339.csv,5.2,9019.87,6.225,0.363,300.313,1.877,45.714,44.376,0.075,45.108,45.896
340.csv,5.2,9019.87,9.332,0.385,389.032,2.208,50.596,51.832,0.116,48.28,51.021
341.csv,3.543,6565.719,-3.531,0.247,-523.843,1.097,31.87,18.906,0.648,59.078,29.998
342.csv,5.2,9019.87,14.111,0.375,547.23,2.595,57.748,57.151,-0.116,53.475,58.074
343.csv,2.815,5363.179,-0.948,0.281,-217.844,1.217,33.28,28.286,0.953,60.738,33.311
344.csv,5.2,9019.87,12.997,0.378,661.547,2.645,60.928,60.524,-0.329,56.118,61.286
345.csv,5.2,9019.87,9.351,0.364,490.908,2.312,54.109,53.918,-0.115,50.719,54.337
346.csv,5.2,9019.87,6.786,0.359,355.998,2.013,48.181,47.806,0.018,46.528,48.386
347.csv,5.2,9019.87,12.209,0.365,669.066,2.54,58.449,57.978,-0.275,54.022,58.677
348.csv,3.543,6565.719,-2.733,0.262,-468.398,1.221,34.365,21.259,0.698,59.124,32.374
349.csv,5.2,9019.87,20.244,0.415,1006.609,3.062,68.425,68.369,-0.403,62.115,68.535
350.csv,2.815,5363.179,-0.948,0.281,-217.844,1.217,33.28,28.286,0.953,60.738,33.311
351.csv,3.803,6565.719,9.04,0.349,416.788,2.411,58.138,45.458,0.289,59.993,53.487
352.csv,5.2,9019.87,8.816,0.372,528.852,2.279,55.311,54.595,-0.22,51.502,55.464
353.csv,5.2,9019.87,5.697,0.368,339.243,1.835,46.262,45.331,0.142,45.474,46.577
354.csv,4.668,6565.719,8.091,0.346,384.798,2.293,55.191,46.696,0.109,48.734,53.028
355.csv,3.507,6565.719,-4.223,0.236,-589.678,1.052,31.943,18.192,0.708,59.052,30.406
356.csv,5.2,9019.87,18.024,0.415,1062.638,2.98,67.163,66.643,-0.398,60.348,67.287
357.csv,2.55,5363.179,-1.888,0.265,-314.347,1.172,32.947,26.103,1.036,60.738,32.127
358.csv,4.711,6565.719,11.786,0.387,467.013,2.494,57.368,57.809,0.113,50.357,58.103
359.csv,5.2,9019.87,9.338,0.372,486.61,2.298,54.214,53.734,-0.1,50.833,54.432
360.csv,5.2,9019.87,6.449,0.357,296.369,1.959,45.88,46.124,0.104,45.329,46.204
361.csv,5.2,9019.87,11.475,0.384,532.087,2.42,55.272,56.621,0.039,51.687,55.716
362.csv,3.543,6565.719,-3.066,0.253,-490.673,1.153,32.62,19.937,0.725,59.087,30.692
363.csv,5.2,9019.87,19.446,0.41,974.796,2.998,67.62,67.821,-0.387,61.714,67.811
364.csv,2.815,5363.179,-0.948,0.281,-217.844,1.217,33.28,28.286,0.953,60.738,33.311
365.csv,5.2,9019.87,11.048,0.356,597.78,2.409,55.845,54.222,0.208,51.881,56.315
366.csv,5.2,9019.87,8.732,0.348,452.178,2.216,51.846,51.284,0.202,48.931,52.185
367.csv,4.716,6565.719,5.843,0.333,279.326,1.906,44.878,43.631,0.435,43.162,45.373
368.csv,5.2,9019.87,8.746,0.338,430.365,2.127,48.777,48.076,0.325,46.932,49.266
369.csv,3.977,6565.719,-4.576,0.199,-544.137,1.144,31.106,20.859,0.776,48.173,31.325
370.csv,5.2,9019.87,13.417,0.367,715.375,2.576,60.454,59.972,0.082,55.466,60.696
371.csv,2.424,5363.179,-2.279,0.238,-263.013,1.155,30.178,23.747,1.061,60.738,30.133
372.csv,5.2,9019.87,13.74,0.397,749.268,2.696,64.838,63.895,-0.04,59.189,65.141
373.csv,5.2,9019.87,9.649,0.387,520.493,2.36,57.288,57.162,0.207,52.847,57.548
374.csv,4.716,6565.719,6.954,0.348,377.181,2.06,49.138,47.982,0.364,45.158,49.646
375.csv,5.2,9019.87,13.635,0.396,748.427,2.646,63.337,61.913,0.074,57.528,63.716
376.csv,3.977,6565.719,-3.207,0.214,-448.56,1.363,38.136,25.888,0.758,49.307,38.422
377.csv,5.2,9019.87,20.589,0.423,1150.709,3.069,74.122,73.585,-0.211,66.637,74.312
378.csv,2.424,5363.179,-1.826,0.24,-235.672,1.264,32.614,25.639,1.061,60.738,32.602
379.csv,3.445,6565.719,8.641,0.332,403.195,2.422,59.762,47.401,0.617,60.709,56.788
380.csv,5.2,9019.87,8.688,0.375,521.295,2.253,54.703,55.331,0.19,51.095,55.11
381.csv,4.703,6565.719,4.902,0.338,276.921,1.838,44.896,41.042,0.391,42.781,43.923
382.csv,4.204,6565.719,8.451,0.336,434.557,2.371,57.931,48.652,0.477,55.38,56.071
383.csv,3.515,6565.719,-4.794,0.198,-540.945,1.148,32.451,18.745,0.874,58.983,31.396
384.csv,5.2,9019.87,18.349,0.42,1077.263,2.993,72.869,72.803,-0.165,65.968,73.138
385.csv,2.399,5363.179,-2.443,0.233,-281.589,1.207,31.836,26.375,1.085,60.738,33.42
386.csv,5.2,9019.87,14.044,0.384,704.243,2.706,63.22,62.118,-0.046,57.781,63.47
387.csv,5.2,9019.87,9.485,0.375,515.424,2.31,55.227,55.425,0.208,51.394,55.628
388.csv,4.716,6565.719,6.918,0.34,370.031,2.046,48.592,47.227,0.418,44.929,49.209
389.csv,4.668,6565.719,10.459,0.345,476.351,2.429,58.953,49.319,0.366,50.893,57.533
390.csv,3.977,6565.719,-3.063,0.215,-486.369,1.392,37.686,25.101,0.788,49.221,38.072
391.csv,5.2,9019.87,19.916,0.415,998.672,3.038,72.687,72.165,-0.094,65.294,72.938
392.csv,2.424,5363.179,-1.666,0.239,-254.905,1.314,33.235,25.732,1.071,60.738,33.234
393.csv,5.2,9019.87,9.919,0.371,500.588,2.238,69.335,68.975,-0.11,63.297,69.636
394.csv,5.2,9019.87,8.725,0.368,451.446,2.077,66.737,67.465,0.056,61.026,66.806
395.csv,5.2,9019.87,5.862,0.352,276.022,1.762,60.13,59.911,0.2,55.288,60.383
396.csv,5.2,9019.87,9.222,0.382,456.247,2.113,67.195,66.566,-0.027,61.513,67.573
397.csv,4.656,6565.719,0.203,0.304,-104.819,1.11,45.464,39.046,0.467,42.191,44.911
398.csv,5.2,9019.87,12.134,0.389,686.783,2.377,74.235,73.578,-0.168,67.32,74.421
399.csv,5.2,9019.87,3.185,0.335,152.742,1.245,47.832,47.371,0.28,46.274,48.205
400.csv,5.2,9019.87,14.208,0.4,792.863,2.69,79.814,79.617,-0.388,71.837,79.961
401.csv,5.2,9019.87,10.114,0.368,548.665,2.389,74.208,74.12,-0.3,67.267,74.339
402.csv,5.2,9019.87,7.157,0.354,375.836,2.026,66.511,66.229,-0.082,60.657,66.754
403.csv,5.2,9019.87,12.827,0.382,632.122,2.597,75.723,76.038,-0.354,67.706,75.601
404.csv,4.656,6565.719,1.348,0.311,-5.766,1.35,52.195,45.21,0.41,46.245,51.505
405.csv,5.2,9019.87,21.239,0.462,1005.666,3.097,85.237,85.477,-0.396,73.38,85.184
406.csv,5.2,9019.87,3.895,0.343,204.294,1.437,53.334,53.249,0.172,50.046,53.75
407.csv,4.256,6565.719,10.066,0.372,543.94,2.443,75.118,74.768,0.091,59.676,76.386
408.csv,5.2,9019.87,9.017,0.373,541.675,2.269,73.007,73.873,-0.263,66.325,73.004
409.csv,4.713,6565.719,5.37,0.355,310.752,1.815,64.081,64.443,0.021,54.852,64.599
410.csv,4.263,6565.719,8.857,0.37,452.883,2.313,72.109,65.965,0.225,59.085,69.885
411.csv,3.587,6565.719,-3.885,0.231,-464.582,0.95,46.507,28.368,0.666,59.498,42.518
412.csv,5.2,9019.87,14.52,0.414,832.49,2.743,81.176,81.598,-0.402,72.2,81.263
413.csv,4.218,6565.719,0.896,0.302,4.894,1.208,50.022,45.15,0.384,53.602,49.277
414.csv,5.2,9019.87,13.254,0.406,530.972,2.638,76.141,76.945,-0.313,68.153,75.968
415.csv,5.2,9019.87,9.907,0.367,481.62,2.354,73.652,73.779,-0.258,66.86,73.763
416.csv,5.2,9019.87,7.109,0.355,384.943,1.986,66.142,66.004,-0.1,60.477,66.389
417.csv,4.698,6565.719,12.01,0.375,590.379,2.487,73.551,66.453,-0.041,61.808,70.79
418.csv,3.743,6565.719,0.436,0.278,-104.668,1.342,51.453,43.051,0.591,59.73,50.81
419.csv,5.2,9019.87,20.328,0.445,951.598,3.037,83.833,83.758,-0.392,72.739,83.754
420.csv,5.2,9019.87,3.999,0.334,208.705,1.462,52.343,52.172,0.133,49.31,52.728
